,Mean,Median,Maximum
Mutations,3.5166666666666666,3.0,8
Clusters,0.016666666666666666,0.0,1
Edges,4.133333333333334,3.0,20
