,Mean,Median,Maximum
Mutations,4.865168539325842,4,11
Clusters,1.0449438202247192,1,3
Edges,3.303370786516854,0,23
